,CCAA,TASA,Year,Total,cod_CA
0,Andalucia,Tasa de riesgo de pobreza (renta del año anterior a la entrevista),2020,28.5,01
1,Andalucia,Tasa de riesgo de pobreza (renta del año anterior a la entrevista),2019,31.3,01
2,Andalucia,Tasa de riesgo de pobreza (renta del año anterior a la entrevista),2018,32.0,01
3,Andalucia,Tasa de riesgo de pobreza (renta del año anterior a la entrevista),2017,31.0,01
4,Andalucia,Tasa de riesgo de pobreza (renta del año anterior a la entrevista),2016,35.4,01
5,Andalucia,Tasa de riesgo de pobreza (renta del año anterior a la entrevista),2015,35.7,01
6,Andalucia,Tasa de riesgo de pobreza (renta del año anterior a la entrevista),2014,33.3,01
7,Andalucia,Tasa de riesgo de pobreza (renta del año anterior a la entrevista),2013,29.1,01
8,Andalucia,Tasa de riesgo de pobreza (renta del año anterior a la entrevista),2012,28.3,01
9,Andalucia,Tasa de riesgo de pobreza (renta del año anterior a la entrevista),2011,30.7,01
10,Andalucia,Tasa de riesgo de pobreza (renta del año anterior a la entrevista),2010,28.3,01
11,Andalucia,Tasa de riesgo de pobreza (renta del año anterior a la entrevista),2009,28.8,01
12,Andalucia,Tasa de riesgo de pobreza (renta del año anterior a la entrevista),2008,27.3,01
13,Andalucia,Tasa de riesgo de pobreza (con alquiler imputado) (renta del año anterior a la entrevista),2020,24.4,01
14,Andalucia,Tasa de riesgo de pobreza (con alquiler imputado) (renta del año anterior a la entrevista),2019,28.1,01
15,Andalucia,Tasa de riesgo de pobreza (con alquiler imputado) (renta del año anterior a la entrevista),2018,27.6,01
16,Andalucia,Tasa de riesgo de pobreza (con alquiler imputado) (renta del año anterior a la entrevista),2017,27.5,01
17,Andalucia,Tasa de riesgo de pobreza (con alquiler imputado) (renta del año anterior a la entrevista),2016,30.3,01
18,Andalucia,Tasa de riesgo de pobreza (con alquiler imputado) (renta del año anterior a la entrevista),2015,30.0,01
19,Andalucia,Tasa de riesgo de pobreza (con alquiler imputado) (renta del año anterior a la entrevista),2014,29.0,01
20,Andalucia,Tasa de riesgo de pobreza (con alquiler imputado) (renta del año anterior a la entrevista),2013,26.6,01
21,Andalucia,Tasa de riesgo de pobreza (con alquiler imputado) (renta del año anterior a la entrevista),2012,24.4,01
22,Andalucia,Tasa de riesgo de pobreza (con alquiler imputado) (renta del año anterior a la entrevista),2011,25.6,01
23,Andalucia,Tasa de riesgo de pobreza (con alquiler imputado) (renta del año anterior a la entrevista),2010,22.9,01
24,Andalucia,Tasa de riesgo de pobreza (con alquiler imputado) (renta del año anterior a la entrevista),2009,22.9,01
25,Andalucia,Tasa de riesgo de pobreza (con alquiler imputado) (renta del año anterior a la entrevista),2008,22.1,01
26,Aragon,Tasa de riesgo de pobreza (renta del año anterior a la entrevista),2020,16.0,02
27,Aragon,Tasa de riesgo de pobreza (renta del año anterior a la entrevista),2019,17.9,02
28,Aragon,Tasa de riesgo de pobreza (renta del año anterior a la entrevista),2018,14.2,02
29,Aragon,Tasa de riesgo de pobreza (renta del año anterior a la entrevista),2017,13.3,02
30,Aragon,Tasa de riesgo de pobreza (renta del año anterior a la entrevista),2016,15.7,02
31,Aragon,Tasa de riesgo de pobreza (renta del año anterior a la entrevista),2015,14.4,02
32,Aragon,Tasa de riesgo de pobreza (renta del año anterior a la entrevista),2014,16.9,02
33,Aragon,Tasa de riesgo de pobreza (renta del año anterior a la entrevista),2013,16.1,02
34,Aragon,Tasa de riesgo de pobreza (renta del año anterior a la entrevista),2012,14.5,02
35,Aragon,Tasa de riesgo de pobreza (renta del año anterior a la entrevista),2011,15.5,02
36,Aragon,Tasa de riesgo de pobreza (renta del año anterior a la entrevista),2010,14.2,02
37,Aragon,Tasa de riesgo de pobreza (renta del año anterior a la entrevista),2009,11.3,02
38,Aragon,Tasa de riesgo de pobreza (renta del año anterior a la entrevista),2008,14.9,02
39,Aragon,Tasa de riesgo de pobreza (con alquiler imputado) (renta del año anterior a la entrevista),2020,14.0,02
40,Aragon,Tasa de riesgo de pobreza (con alquiler imputado) (renta del año anterior a la entrevista),2019,15.4,02
41,Aragon,Tasa de riesgo de pobreza (con alquiler imputado) (renta del año anterior a la entrevista),2018,12.9,02
42,Aragon,Tasa de riesgo de pobreza (con alquiler imputado) (renta del año anterior a la entrevista),2017,10.2,02
43,Aragon,Tasa de riesgo de pobreza (con alquiler imputado) (renta del año anterior a la entrevista),2016,15.2,02
44,Aragon,Tasa de riesgo de pobreza (con alquiler imputado) (renta del año anterior a la entrevista),2015,12.0,02
45,Aragon,Tasa de riesgo de pobreza (con alquiler imputado) (renta del año anterior a la entrevista),2014,13.8,02
46,Aragon,Tasa de riesgo de pobreza (con alquiler imputado) (renta del año anterior a la entrevista),2013,14.8,02
47,Aragon,Tasa de riesgo de pobreza (con alquiler imputado) (renta del año anterior a la entrevista),2012,13.6,02
48,Aragon,Tasa de riesgo de pobreza (con alquiler imputado) (renta del año anterior a la entrevista),2011,14.6,02
49,Aragon,Tasa de riesgo de pobreza (con alquiler imputado) (renta del año anterior a la entrevista),2010,12.1,02
50,Aragon,Tasa de riesgo de pobreza (con alquiler imputado) (renta del año anterior a la entrevista),2009,8.9,02
51,Aragon,Tasa de riesgo de pobreza (con alquiler imputado) (renta del año anterior a la entrevista),2008,12.1,02
52,Asturias,Tasa de riesgo de pobreza (renta del año anterior a la entrevista),2020,22.2,03
53,Asturias,Tasa de riesgo de pobreza (renta del año anterior a la entrevista),2019,20.7,03
54,Asturias,Tasa de riesgo de pobreza (renta del año anterior a la entrevista),2018,14.0,03
55,Asturias,Tasa de riesgo de pobreza (renta del año anterior a la entrevista),2017,12.6,03
56,Asturias,Tasa de riesgo de pobreza (renta del año anterior a la entrevista),2016,13.4,03
57,Asturias,Tasa de riesgo de pobreza (renta del año anterior a la entrevista),2015,16.7,03
58,Asturias,Tasa de riesgo de pobreza (renta del año anterior a la entrevista),2014,16.7,03
59,Asturias,Tasa de riesgo de pobreza (renta del año anterior a la entrevista),2013,14.1,03
60,Asturias,Tasa de riesgo de pobreza (renta del año anterior a la entrevista),2012,13.0,03
61,Asturias,Tasa de riesgo de pobreza (renta del año anterior a la entrevista),2011,14.1,03
62,Asturias,Tasa de riesgo de pobreza (renta del año anterior a la entrevista),2010,11.5,03
63,Asturias,Tasa de riesgo de pobreza (renta del año anterior a la entrevista),2009,13.0,03
64,Asturias,Tasa de riesgo de pobreza (renta del año anterior a la entrevista),2008,13.2,03
65,Asturias,Tasa de riesgo de pobreza (con alquiler imputado) (renta del año anterior a la entrevista),2020,21.4,03
66,Asturias,Tasa de riesgo de pobreza (con alquiler imputado) (renta del año anterior a la entrevista),2019,19.5,03
67,Asturias,Tasa de riesgo de pobreza (con alquiler imputado) (renta del año anterior a la entrevista),2018,13.2,03
68,Asturias,Tasa de riesgo de pobreza (con alquiler imputado) (renta del año anterior a la entrevista),2017,12.3,03
69,Asturias,Tasa de riesgo de pobreza (con alquiler imputado) (renta del año anterior a la entrevista),2016,12.2,03
70,Asturias,Tasa de riesgo de pobreza (con alquiler imputado) (renta del año anterior a la entrevista),2015,15.7,03
71,Asturias,Tasa de riesgo de pobreza (con alquiler imputado) (renta del año anterior a la entrevista),2014,14.5,03
72,Asturias,Tasa de riesgo de pobreza (con alquiler imputado) (renta del año anterior a la entrevista),2013,13.6,03
73,Asturias,Tasa de riesgo de pobreza (con alquiler imputado) (renta del año anterior a la entrevista),2012,11.8,03
74,Asturias,Tasa de riesgo de pobreza (con alquiler imputado) (renta del año anterior a la entrevista),2011,10.7,03
75,Asturias,Tasa de riesgo de pobreza (con alquiler imputado) (renta del año anterior a la entrevista),2010,8.6,03
76,Asturias,Tasa de riesgo de pobreza (con alquiler imputado) (renta del año anterior a la entrevista),2009,9.9,03
77,Asturias,Tasa de riesgo de pobreza (con alquiler imputado) (renta del año anterior a la entrevista),2008,10.4,03
78,Baleares,Tasa de riesgo de pobreza (renta del año anterior a la entrevista),2020,14.1,04
79,Baleares,Tasa de riesgo de pobreza (renta del año anterior a la entrevista),2019,12.0,04
80,Baleares,Tasa de riesgo de pobreza (renta del año anterior a la entrevista),2018,15.4,04
81,Baleares,Tasa de riesgo de pobreza (renta del año anterior a la entrevista),2017,21.3,04
82,Baleares,Tasa de riesgo de pobreza (renta del año anterior a la entrevista),2016,15.5,04
83,Baleares,Tasa de riesgo de pobreza (renta del año anterior a la entrevista),2015,21.7,04
84,Baleares,Tasa de riesgo de pobreza (renta del año anterior a la entrevista),2014,17.9,04
85,Baleares,Tasa de riesgo de pobreza (renta del año anterior a la entrevista),2013,19.8,04
86,Baleares,Tasa de riesgo de pobreza (renta del año anterior a la entrevista),2012,19.9,04
87,Baleares,Tasa de riesgo de pobreza (renta del año anterior a la entrevista),2011,21.0,04
88,Baleares,Tasa de riesgo de pobreza (renta del año anterior a la entrevista),2010,22.7,04
89,Baleares,Tasa de riesgo de pobreza (renta del año anterior a la entrevista),2009,18.1,04
90,Baleares,Tasa de riesgo de pobreza (renta del año anterior a la entrevista),2008,18.1,04
91,Baleares,Tasa de riesgo de pobreza (con alquiler imputado) (renta del año anterior a la entrevista),2020,16.1,04
92,Baleares,Tasa de riesgo de pobreza (con alquiler imputado) (renta del año anterior a la entrevista),2019,14.8,04
93,Baleares,Tasa de riesgo de pobreza (con alquiler imputado) (renta del año anterior a la entrevista),2018,12.8,04
94,Baleares,Tasa de riesgo de pobreza (con alquiler imputado) (renta del año anterior a la entrevista),2017,23.8,04
95,Baleares,Tasa de riesgo de pobreza (con alquiler imputado) (renta del año anterior a la entrevista),2016,16.0,04
96,Baleares,Tasa de riesgo de pobreza (con alquiler imputado) (renta del año anterior a la entrevista),2015,22.0,04
97,Baleares,Tasa de riesgo de pobreza (con alquiler imputado) (renta del año anterior a la entrevista),2014,18.4,04
98,Baleares,Tasa de riesgo de pobreza (con alquiler imputado) (renta del año anterior a la entrevista),2013,19.5,04
99,Baleares,Tasa de riesgo de pobreza (con alquiler imputado) (renta del año anterior a la entrevista),2012,20.6,04
100,Baleares,Tasa de riesgo de pobreza (con alquiler imputado) (renta del año anterior a la entrevista),2011,17.9,04
101,Baleares,Tasa de riesgo de pobreza (con alquiler imputado) (renta del año anterior a la entrevista),2010,22.1,04
102,Baleares,Tasa de riesgo de pobreza (con alquiler imputado) (renta del año anterior a la entrevista),2009,18.7,04
103,Baleares,Tasa de riesgo de pobreza (con alquiler imputado) (renta del año anterior a la entrevista),2008,19.0,04
104,Canarias,Tasa de riesgo de pobreza (renta del año anterior a la entrevista),2020,29.9,05
105,Canarias,Tasa de riesgo de pobreza (renta del año anterior a la entrevista),2019,28.5,05
106,Canarias,Tasa de riesgo de pobreza (renta del año anterior a la entrevista),2018,32.1,05
107,Canarias,Tasa de riesgo de pobreza (renta del año anterior a la entrevista),2017,30.5,05
108,Canarias,Tasa de riesgo de pobreza (renta del año anterior a la entrevista),2016,35.0,05
109,Canarias,Tasa de riesgo de pobreza (renta del año anterior a la entrevista),2015,28.5,05
110,Canarias,Tasa de riesgo de pobreza (renta del año anterior a la entrevista),2014,27.6,05
111,Canarias,Tasa de riesgo de pobreza (renta del año anterior a la entrevista),2013,28.4,05
112,Canarias,Tasa de riesgo de pobreza (renta del año anterior a la entrevista),2012,33.6,05
113,Canarias,Tasa de riesgo de pobreza (renta del año anterior a la entrevista),2011,30.1,05
114,Canarias,Tasa de riesgo de pobreza (renta del año anterior a la entrevista),2010,29.7,05
115,Canarias,Tasa de riesgo de pobreza (renta del año anterior a la entrevista),2009,30.4,05
116,Canarias,Tasa de riesgo de pobreza (renta del año anterior a la entrevista),2008,30.7,05
117,Canarias,Tasa de riesgo de pobreza (con alquiler imputado) (renta del año anterior a la entrevista),2020,28.0,05
118,Canarias,Tasa de riesgo de pobreza (con alquiler imputado) (renta del año anterior a la entrevista),2019,22.7,05
119,Canarias,Tasa de riesgo de pobreza (con alquiler imputado) (renta del año anterior a la entrevista),2018,29.0,05
120,Canarias,Tasa de riesgo de pobreza (con alquiler imputado) (renta del año anterior a la entrevista),2017,25.9,05
121,Canarias,Tasa de riesgo de pobreza (con alquiler imputado) (renta del año anterior a la entrevista),2016,28.1,05
122,Canarias,Tasa de riesgo de pobreza (con alquiler imputado) (renta del año anterior a la entrevista),2015,25.5,05
123,Canarias,Tasa de riesgo de pobreza (con alquiler imputado) (renta del año anterior a la entrevista),2014,25.2,05
124,Canarias,Tasa de riesgo de pobreza (con alquiler imputado) (renta del año anterior a la entrevista),2013,23.4,05
125,Canarias,Tasa de riesgo de pobreza (con alquiler imputado) (renta del año anterior a la entrevista),2012,31.6,05
126,Canarias,Tasa de riesgo de pobreza (con alquiler imputado) (renta del año anterior a la entrevista),2011,27.7,05
127,Canarias,Tasa de riesgo de pobreza (con alquiler imputado) (renta del año anterior a la entrevista),2010,25.0,05
128,Canarias,Tasa de riesgo de pobreza (con alquiler imputado) (renta del año anterior a la entrevista),2009,27.7,05
129,Canarias,Tasa de riesgo de pobreza (con alquiler imputado) (renta del año anterior a la entrevista),2008,26.8,05
130,Cantabria,Tasa de riesgo de pobreza (renta del año anterior a la entrevista),2020,18.0,06
131,Cantabria,Tasa de riesgo de pobreza (renta del año anterior a la entrevista),2019,17.3,06
132,Cantabria,Tasa de riesgo de pobreza (renta del año anterior a la entrevista),2018,19.9,06
133,Cantabria,Tasa de riesgo de pobreza (renta del año anterior a la entrevista),2017,17.6,06
134,Cantabria,Tasa de riesgo de pobreza (renta del año anterior a la entrevista),2016,15.3,06
135,Cantabria,Tasa de riesgo de pobreza (renta del año anterior a la entrevista),2015,14.9,06
136,Cantabria,Tasa de riesgo de pobreza (renta del año anterior a la entrevista),2014,20.6,06
137,Cantabria,Tasa de riesgo de pobreza (renta del año anterior a la entrevista),2013,17.8,06
138,Cantabria,Tasa de riesgo de pobreza (renta del año anterior a la entrevista),2012,17.7,06
139,Cantabria,Tasa de riesgo de pobreza (renta del año anterior a la entrevista),2011,16.7,06
140,Cantabria,Tasa de riesgo de pobreza (renta del año anterior a la entrevista),2010,20.1,06
141,Cantabria,Tasa de riesgo de pobreza (renta del año anterior a la entrevista),2009,13.9,06
142,Cantabria,Tasa de riesgo de pobreza (renta del año anterior a la entrevista),2008,14.3,06
143,Cantabria,Tasa de riesgo de pobreza (con alquiler imputado) (renta del año anterior a la entrevista),2020,14.2,06
144,Cantabria,Tasa de riesgo de pobreza (con alquiler imputado) (renta del año anterior a la entrevista),2019,12.0,06
145,Cantabria,Tasa de riesgo de pobreza (con alquiler imputado) (renta del año anterior a la entrevista),2018,15.4,06
146,Cantabria,Tasa de riesgo de pobreza (con alquiler imputado) (renta del año anterior a la entrevista),2017,13.0,06
147,Cantabria,Tasa de riesgo de pobreza (con alquiler imputado) (renta del año anterior a la entrevista),2016,15.3,06
148,Cantabria,Tasa de riesgo de pobreza (con alquiler imputado) (renta del año anterior a la entrevista),2015,13.9,06
149,Cantabria,Tasa de riesgo de pobreza (con alquiler imputado) (renta del año anterior a la entrevista),2014,19.2,06
150,Cantabria,Tasa de riesgo de pobreza (con alquiler imputado) (renta del año anterior a la entrevista),2013,13.2,06
151,Cantabria,Tasa de riesgo de pobreza (con alquiler imputado) (renta del año anterior a la entrevista),2012,16.1,06
152,Cantabria,Tasa de riesgo de pobreza (con alquiler imputado) (renta del año anterior a la entrevista),2011,14.7,06
153,Cantabria,Tasa de riesgo de pobreza (con alquiler imputado) (renta del año anterior a la entrevista),2010,14.6,06
154,Cantabria,Tasa de riesgo de pobreza (con alquiler imputado) (renta del año anterior a la entrevista),2009,13.8,06
155,Cantabria,Tasa de riesgo de pobreza (con alquiler imputado) (renta del año anterior a la entrevista),2008,13.1,06
156,Castilla-Leon,Tasa de riesgo de pobreza (renta del año anterior a la entrevista),2020,15.1,07
157,Castilla-Leon,Tasa de riesgo de pobreza (renta del año anterior a la entrevista),2019,12.9,07
158,Castilla-Leon,Tasa de riesgo de pobreza (renta del año anterior a la entrevista),2018,16.1,07
159,Castilla-Leon,Tasa de riesgo de pobreza (renta del año anterior a la entrevista),2017,15.4,07
160,Castilla-Leon,Tasa de riesgo de pobreza (renta del año anterior a la entrevista),2016,17.7,07
161,Castilla-Leon,Tasa de riesgo de pobreza (renta del año anterior a la entrevista),2015,18.3,07
162,Castilla-Leon,Tasa de riesgo de pobreza (renta del año anterior a la entrevista),2014,20.4,07
163,Castilla-Leon,Tasa de riesgo de pobreza (renta del año anterior a la entrevista),2013,17.5,07
164,Castilla-Leon,Tasa de riesgo de pobreza (renta del año anterior a la entrevista),2012,15.9,07
165,Castilla-Leon,Tasa de riesgo de pobreza (renta del año anterior a la entrevista),2011,17.6,07
166,Castilla-Leon,Tasa de riesgo de pobreza (renta del año anterior a la entrevista),2010,19.5,07
167,Castilla-Leon,Tasa de riesgo de pobreza (renta del año anterior a la entrevista),2009,18.8,07
168,Castilla-Leon,Tasa de riesgo de pobreza (renta del año anterior a la entrevista),2008,17.5,07
169,Castilla-Leon,Tasa de riesgo de pobreza (con alquiler imputado) (renta del año anterior a la entrevista),2020,13.4,07
170,Castilla-Leon,Tasa de riesgo de pobreza (con alquiler imputado) (renta del año anterior a la entrevista),2019,11.7,07
171,Castilla-Leon,Tasa de riesgo de pobreza (con alquiler imputado) (renta del año anterior a la entrevista),2018,14.0,07
172,Castilla-Leon,Tasa de riesgo de pobreza (con alquiler imputado) (renta del año anterior a la entrevista),2017,14.1,07
173,Castilla-Leon,Tasa de riesgo de pobreza (con alquiler imputado) (renta del año anterior a la entrevista),2016,16.4,07
174,Castilla-Leon,Tasa de riesgo de pobreza (con alquiler imputado) (renta del año anterior a la entrevista),2015,15.9,07
175,Castilla-Leon,Tasa de riesgo de pobreza (con alquiler imputado) (renta del año anterior a la entrevista),2014,17.0,07
176,Castilla-Leon,Tasa de riesgo de pobreza (con alquiler imputado) (renta del año anterior a la entrevista),2013,14.9,07
177,Castilla-Leon,Tasa de riesgo de pobreza (con alquiler imputado) (renta del año anterior a la entrevista),2012,14.0,07
178,Castilla-Leon,Tasa de riesgo de pobreza (con alquiler imputado) (renta del año anterior a la entrevista),2011,13.6,07
179,Castilla-Leon,Tasa de riesgo de pobreza (con alquiler imputado) (renta del año anterior a la entrevista),2010,16.8,07
180,Castilla-Leon,Tasa de riesgo de pobreza (con alquiler imputado) (renta del año anterior a la entrevista),2009,14.7,07
181,Castilla-Leon,Tasa de riesgo de pobreza (con alquiler imputado) (renta del año anterior a la entrevista),2008,15.0,07
182,Castilla-La Mancha,Tasa de riesgo de pobreza (renta del año anterior a la entrevista),2020,25.1,08
183,Castilla-La Mancha,Tasa de riesgo de pobreza (renta del año anterior a la entrevista),2019,26.2,08
184,Castilla-La Mancha,Tasa de riesgo de pobreza (renta del año anterior a la entrevista),2018,29.9,08
185,Castilla-La Mancha,Tasa de riesgo de pobreza (renta del año anterior a la entrevista),2017,28.1,08
186,Castilla-La Mancha,Tasa de riesgo de pobreza (renta del año anterior a la entrevista),2016,31.7,08
187,Castilla-La Mancha,Tasa de riesgo de pobreza (renta del año anterior a la entrevista),2015,28.5,08
188,Castilla-La Mancha,Tasa de riesgo de pobreza (renta del año anterior a la entrevista),2014,28.4,08
189,Castilla-La Mancha,Tasa de riesgo de pobreza (renta del año anterior a la entrevista),2013,31.3,08
190,Castilla-La Mancha,Tasa de riesgo de pobreza (renta del año anterior a la entrevista),2012,30.0,08
191,Castilla-La Mancha,Tasa de riesgo de pobreza (renta del año anterior a la entrevista),2011,29.4,08
192,Castilla-La Mancha,Tasa de riesgo de pobreza (renta del año anterior a la entrevista),2010,28.3,08
193,Castilla-La Mancha,Tasa de riesgo de pobreza (renta del año anterior a la entrevista),2009,24.8,08
194,Castilla-La Mancha,Tasa de riesgo de pobreza (renta del año anterior a la entrevista),2008,26.4,08
195,Castilla-La Mancha,Tasa de riesgo de pobreza (con alquiler imputado) (renta del año anterior a la entrevista),2020,20.2,08
196,Castilla-La Mancha,Tasa de riesgo de pobreza (con alquiler imputado) (renta del año anterior a la entrevista),2019,25.1,08
197,Castilla-La Mancha,Tasa de riesgo de pobreza (con alquiler imputado) (renta del año anterior a la entrevista),2018,26.1,08
198,Castilla-La Mancha,Tasa de riesgo de pobreza (con alquiler imputado) (renta del año anterior a la entrevista),2017,26.9,08
199,Castilla-La Mancha,Tasa de riesgo de pobreza (con alquiler imputado) (renta del año anterior a la entrevista),2016,26.7,08
200,Castilla-La Mancha,Tasa de riesgo de pobreza (con alquiler imputado) (renta del año anterior a la entrevista),2015,23.8,08
201,Castilla-La Mancha,Tasa de riesgo de pobreza (con alquiler imputado) (renta del año anterior a la entrevista),2014,24.0,08
202,Castilla-La Mancha,Tasa de riesgo de pobreza (con alquiler imputado) (renta del año anterior a la entrevista),2013,27.2,08
203,Castilla-La Mancha,Tasa de riesgo de pobreza (con alquiler imputado) (renta del año anterior a la entrevista),2012,26.4,08
204,Castilla-La Mancha,Tasa de riesgo de pobreza (con alquiler imputado) (renta del año anterior a la entrevista),2011,21.9,08
205,Castilla-La Mancha,Tasa de riesgo de pobreza (con alquiler imputado) (renta del año anterior a la entrevista),2010,24.8,08
206,Castilla-La Mancha,Tasa de riesgo de pobreza (con alquiler imputado) (renta del año anterior a la entrevista),2009,20.1,08
207,Castilla-La Mancha,Tasa de riesgo de pobreza (con alquiler imputado) (renta del año anterior a la entrevista),2008,23.1,08
208,Cataluña,Tasa de riesgo de pobreza (renta del año anterior a la entrevista),2020,16.7,09
209,Cataluña,Tasa de riesgo de pobreza (renta del año anterior a la entrevista),2019,13.9,09
210,Cataluña,Tasa de riesgo de pobreza (renta del año anterior a la entrevista),2018,13.6,09
211,Cataluña,Tasa de riesgo de pobreza (renta del año anterior a la entrevista),2017,15.0,09
212,Cataluña,Tasa de riesgo de pobreza (renta del año anterior a la entrevista),2016,13.2,09
213,Cataluña,Tasa de riesgo de pobreza (renta del año anterior a la entrevista),2015,13.9,09
214,Cataluña,Tasa de riesgo de pobreza (renta del año anterior a la entrevista),2014,15.8,09
215,Cataluña,Tasa de riesgo de pobreza (renta del año anterior a la entrevista),2013,13.9,09
216,Cataluña,Tasa de riesgo de pobreza (renta del año anterior a la entrevista),2012,15.8,09
217,Cataluña,Tasa de riesgo de pobreza (renta del año anterior a la entrevista),2011,14.2,09
218,Cataluña,Tasa de riesgo de pobreza (renta del año anterior a la entrevista),2010,14.7,09
219,Cataluña,Tasa de riesgo de pobreza (renta del año anterior a la entrevista),2009,15.2,09
220,Cataluña,Tasa de riesgo de pobreza (renta del año anterior a la entrevista),2008,12.3,09
221,Cataluña,Tasa de riesgo de pobreza (con alquiler imputado) (renta del año anterior a la entrevista),2020,15.7,09
222,Cataluña,Tasa de riesgo de pobreza (con alquiler imputado) (renta del año anterior a la entrevista),2019,12.6,09
223,Cataluña,Tasa de riesgo de pobreza (con alquiler imputado) (renta del año anterior a la entrevista),2018,12.6,09
224,Cataluña,Tasa de riesgo de pobreza (con alquiler imputado) (renta del año anterior a la entrevista),2017,13.3,09
225,Cataluña,Tasa de riesgo de pobreza (con alquiler imputado) (renta del año anterior a la entrevista),2016,12.6,09
226,Cataluña,Tasa de riesgo de pobreza (con alquiler imputado) (renta del año anterior a la entrevista),2015,13.5,09
227,Cataluña,Tasa de riesgo de pobreza (con alquiler imputado) (renta del año anterior a la entrevista),2014,14.4,09
228,Cataluña,Tasa de riesgo de pobreza (con alquiler imputado) (renta del año anterior a la entrevista),2013,14.7,09
229,Cataluña,Tasa de riesgo de pobreza (con alquiler imputado) (renta del año anterior a la entrevista),2012,15.2,09
230,Cataluña,Tasa de riesgo de pobreza (con alquiler imputado) (renta del año anterior a la entrevista),2011,14.7,09
231,Cataluña,Tasa de riesgo de pobreza (con alquiler imputado) (renta del año anterior a la entrevista),2010,15.1,09
232,Cataluña,Tasa de riesgo de pobreza (con alquiler imputado) (renta del año anterior a la entrevista),2009,14.8,09
233,Cataluña,Tasa de riesgo de pobreza (con alquiler imputado) (renta del año anterior a la entrevista),2008,11.8,09
234,Valencia,Tasa de riesgo de pobreza (renta del año anterior a la entrevista),2020,24.6,10
235,Valencia,Tasa de riesgo de pobreza (renta del año anterior a la entrevista),2019,23.7,10
236,Valencia,Tasa de riesgo de pobreza (renta del año anterior a la entrevista),2018,26.0,10
237,Valencia,Tasa de riesgo de pobreza (renta del año anterior a la entrevista),2017,25.6,10
238,Valencia,Tasa de riesgo de pobreza (renta del año anterior a la entrevista),2016,24.4,10
239,Valencia,Tasa de riesgo de pobreza (renta del año anterior a la entrevista),2015,25.3,10
240,Valencia,Tasa de riesgo de pobreza (renta del año anterior a la entrevista),2014,26.2,10
241,Valencia,Tasa de riesgo de pobreza (renta del año anterior a la entrevista),2013,23.6,10
242,Valencia,Tasa de riesgo de pobreza (renta del año anterior a la entrevista),2012,25.0,10
243,Valencia,Tasa de riesgo de pobreza (renta del año anterior a la entrevista),2011,22.0,10
244,Valencia,Tasa de riesgo de pobreza (renta del año anterior a la entrevista),2010,22.7,10
245,Valencia,Tasa de riesgo de pobreza (renta del año anterior a la entrevista),2009,20.9,10
246,Valencia,Tasa de riesgo de pobreza (renta del año anterior a la entrevista),2008,23.6,10
247,Valencia,Tasa de riesgo de pobreza (con alquiler imputado) (renta del año anterior a la entrevista),2020,22.2,10
248,Valencia,Tasa de riesgo de pobreza (con alquiler imputado) (renta del año anterior a la entrevista),2019,20.6,10
249,Valencia,Tasa de riesgo de pobreza (con alquiler imputado) (renta del año anterior a la entrevista),2018,23.0,10
250,Valencia,Tasa de riesgo de pobreza (con alquiler imputado) (renta del año anterior a la entrevista),2017,24.2,10
251,Valencia,Tasa de riesgo de pobreza (con alquiler imputado) (renta del año anterior a la entrevista),2016,23.1,10
252,Valencia,Tasa de riesgo de pobreza (con alquiler imputado) (renta del año anterior a la entrevista),2015,23.0,10
253,Valencia,Tasa de riesgo de pobreza (con alquiler imputado) (renta del año anterior a la entrevista),2014,24.4,10
254,Valencia,Tasa de riesgo de pobreza (con alquiler imputado) (renta del año anterior a la entrevista),2013,20.9,10
255,Valencia,Tasa de riesgo de pobreza (con alquiler imputado) (renta del año anterior a la entrevista),2012,22.5,10
256,Valencia,Tasa de riesgo de pobreza (con alquiler imputado) (renta del año anterior a la entrevista),2011,17.8,10
257,Valencia,Tasa de riesgo de pobreza (con alquiler imputado) (renta del año anterior a la entrevista),2010,18.1,10
258,Valencia,Tasa de riesgo de pobreza (con alquiler imputado) (renta del año anterior a la entrevista),2009,17.7,10
259,Valencia,Tasa de riesgo de pobreza (con alquiler imputado) (renta del año anterior a la entrevista),2008,19.2,10
260,Extremadura,Tasa de riesgo de pobreza (renta del año anterior a la entrevista),2020,31.4,11
261,Extremadura,Tasa de riesgo de pobreza (renta del año anterior a la entrevista),2019,31.5,11
262,Extremadura,Tasa de riesgo de pobreza (renta del año anterior a la entrevista),2018,37.6,11
263,Extremadura,Tasa de riesgo de pobreza (renta del año anterior a la entrevista),2017,38.8,11
264,Extremadura,Tasa de riesgo de pobreza (renta del año anterior a la entrevista),2016,30.4,11
265,Extremadura,Tasa de riesgo de pobreza (renta del año anterior a la entrevista),2015,29.0,11
266,Extremadura,Tasa de riesgo de pobreza (renta del año anterior a la entrevista),2014,33.1,11
267,Extremadura,Tasa de riesgo de pobreza (renta del año anterior a la entrevista),2013,30.9,11
268,Extremadura,Tasa de riesgo de pobreza (renta del año anterior a la entrevista),2012,29.4,11
269,Extremadura,Tasa de riesgo de pobreza (renta del año anterior a la entrevista),2011,31.7,11
270,Extremadura,Tasa de riesgo de pobreza (renta del año anterior a la entrevista),2010,35.7,11
271,Extremadura,Tasa de riesgo de pobreza (renta del año anterior a la entrevista),2009,30.9,11
272,Extremadura,Tasa de riesgo de pobreza (renta del año anterior a la entrevista),2008,35.3,11
273,Extremadura,Tasa de riesgo de pobreza (con alquiler imputado) (renta del año anterior a la entrevista),2020,28.1,11
274,Extremadura,Tasa de riesgo de pobreza (con alquiler imputado) (renta del año anterior a la entrevista),2019,30.4,11
275,Extremadura,Tasa de riesgo de pobreza (con alquiler imputado) (renta del año anterior a la entrevista),2018,34.5,11
276,Extremadura,Tasa de riesgo de pobreza (con alquiler imputado) (renta del año anterior a la entrevista),2017,33.5,11
277,Extremadura,Tasa de riesgo de pobreza (con alquiler imputado) (renta del año anterior a la entrevista),2016,26.7,11
278,Extremadura,Tasa de riesgo de pobreza (con alquiler imputado) (renta del año anterior a la entrevista),2015,24.1,11
279,Extremadura,Tasa de riesgo de pobreza (con alquiler imputado) (renta del año anterior a la entrevista),2014,30.4,11
280,Extremadura,Tasa de riesgo de pobreza (con alquiler imputado) (renta del año anterior a la entrevista),2013,28.6,11
281,Extremadura,Tasa de riesgo de pobreza (con alquiler imputado) (renta del año anterior a la entrevista),2012,29.0,11
282,Extremadura,Tasa de riesgo de pobreza (con alquiler imputado) (renta del año anterior a la entrevista),2011,26.6,11
283,Extremadura,Tasa de riesgo de pobreza (con alquiler imputado) (renta del año anterior a la entrevista),2010,28.7,11
284,Extremadura,Tasa de riesgo de pobreza (con alquiler imputado) (renta del año anterior a la entrevista),2009,25.7,11
285,Extremadura,Tasa de riesgo de pobreza (con alquiler imputado) (renta del año anterior a la entrevista),2008,30.4,11
286,Galicia,Tasa de riesgo de pobreza (renta del año anterior a la entrevista),2020,22.1,12
287,Galicia,Tasa de riesgo de pobreza (renta del año anterior a la entrevista),2019,20.0,12
288,Galicia,Tasa de riesgo de pobreza (renta del año anterior a la entrevista),2018,18.8,12
289,Galicia,Tasa de riesgo de pobreza (renta del año anterior a la entrevista),2017,18.7,12
290,Galicia,Tasa de riesgo de pobreza (renta del año anterior a la entrevista),2016,19.0,12
291,Galicia,Tasa de riesgo de pobreza (renta del año anterior a la entrevista),2015,19.4,12
292,Galicia,Tasa de riesgo de pobreza (renta del año anterior a la entrevista),2014,15.4,12
293,Galicia,Tasa de riesgo de pobreza (renta del año anterior a la entrevista),2013,17.2,12
294,Galicia,Tasa de riesgo de pobreza (renta del año anterior a la entrevista),2012,18.3,12
295,Galicia,Tasa de riesgo de pobreza (renta del año anterior a la entrevista),2011,16.1,12
296,Galicia,Tasa de riesgo de pobreza (renta del año anterior a la entrevista),2010,18.1,12
297,Galicia,Tasa de riesgo de pobreza (renta del año anterior a la entrevista),2009,20.6,12
298,Galicia,Tasa de riesgo de pobreza (renta del año anterior a la entrevista),2008,20.9,12
299,Galicia,Tasa de riesgo de pobreza (con alquiler imputado) (renta del año anterior a la entrevista),2020,18.2,12
300,Galicia,Tasa de riesgo de pobreza (con alquiler imputado) (renta del año anterior a la entrevista),2019,16.2,12
301,Galicia,Tasa de riesgo de pobreza (con alquiler imputado) (renta del año anterior a la entrevista),2018,15.3,12
302,Galicia,Tasa de riesgo de pobreza (con alquiler imputado) (renta del año anterior a la entrevista),2017,16.6,12
303,Galicia,Tasa de riesgo de pobreza (con alquiler imputado) (renta del año anterior a la entrevista),2016,14.4,12
304,Galicia,Tasa de riesgo de pobreza (con alquiler imputado) (renta del año anterior a la entrevista),2015,15.0,12
305,Galicia,Tasa de riesgo de pobreza (con alquiler imputado) (renta del año anterior a la entrevista),2014,13.4,12
306,Galicia,Tasa de riesgo de pobreza (con alquiler imputado) (renta del año anterior a la entrevista),2013,14.2,12
307,Galicia,Tasa de riesgo de pobreza (con alquiler imputado) (renta del año anterior a la entrevista),2012,15.1,12
308,Galicia,Tasa de riesgo de pobreza (con alquiler imputado) (renta del año anterior a la entrevista),2011,14.2,12
309,Galicia,Tasa de riesgo de pobreza (con alquiler imputado) (renta del año anterior a la entrevista),2010,14.4,12
310,Galicia,Tasa de riesgo de pobreza (con alquiler imputado) (renta del año anterior a la entrevista),2009,16.2,12
311,Galicia,Tasa de riesgo de pobreza (con alquiler imputado) (renta del año anterior a la entrevista),2008,16.6,12
312,Madrid,Tasa de riesgo de pobreza (renta del año anterior a la entrevista),2020,15.4,13
313,Madrid,Tasa de riesgo de pobreza (renta del año anterior a la entrevista),2019,15.0,13
314,Madrid,Tasa de riesgo de pobreza (renta del año anterior a la entrevista),2018,16.1,13
315,Madrid,Tasa de riesgo de pobreza (renta del año anterior a la entrevista),2017,16.9,13
316,Madrid,Tasa de riesgo de pobreza (renta del año anterior a la entrevista),2016,18.2,13
317,Madrid,Tasa de riesgo de pobreza (renta del año anterior a la entrevista),2015,15.1,13
318,Madrid,Tasa de riesgo de pobreza (renta del año anterior a la entrevista),2014,14.7,13
319,Madrid,Tasa de riesgo de pobreza (renta del año anterior a la entrevista),2013,13.4,13
320,Madrid,Tasa de riesgo de pobreza (renta del año anterior a la entrevista),2012,14.2,13
321,Madrid,Tasa de riesgo de pobreza (renta del año anterior a la entrevista),2011,14.0,13
322,Madrid,Tasa de riesgo de pobreza (renta del año anterior a la entrevista),2010,14.4,13
323,Madrid,Tasa de riesgo de pobreza (renta del año anterior a la entrevista),2009,15.9,13
324,Madrid,Tasa de riesgo de pobreza (renta del año anterior a la entrevista),2008,14.9,13
325,Madrid,Tasa de riesgo de pobreza (con alquiler imputado) (renta del año anterior a la entrevista),2020,13.8,13
326,Madrid,Tasa de riesgo de pobreza (con alquiler imputado) (renta del año anterior a la entrevista),2019,14.6,13
327,Madrid,Tasa de riesgo de pobreza (con alquiler imputado) (renta del año anterior a la entrevista),2018,15.4,13
328,Madrid,Tasa de riesgo de pobreza (con alquiler imputado) (renta del año anterior a la entrevista),2017,16.6,13
329,Madrid,Tasa de riesgo de pobreza (con alquiler imputado) (renta del año anterior a la entrevista),2016,16.5,13
330,Madrid,Tasa de riesgo de pobreza (con alquiler imputado) (renta del año anterior a la entrevista),2015,14.3,13
331,Madrid,Tasa de riesgo de pobreza (con alquiler imputado) (renta del año anterior a la entrevista),2014,14.0,13
332,Madrid,Tasa de riesgo de pobreza (con alquiler imputado) (renta del año anterior a la entrevista),2013,13.6,13
333,Madrid,Tasa de riesgo de pobreza (con alquiler imputado) (renta del año anterior a la entrevista),2012,13.7,13
334,Madrid,Tasa de riesgo de pobreza (con alquiler imputado) (renta del año anterior a la entrevista),2011,12.6,13
335,Madrid,Tasa de riesgo de pobreza (con alquiler imputado) (renta del año anterior a la entrevista),2010,12.1,13
336,Madrid,Tasa de riesgo de pobreza (con alquiler imputado) (renta del año anterior a la entrevista),2009,13.9,13
337,Madrid,Tasa de riesgo de pobreza (con alquiler imputado) (renta del año anterior a la entrevista),2008,14.3,13
338,Murcia,Tasa de riesgo de pobreza (renta del año anterior a la entrevista),2020,25.0,14
339,Murcia,Tasa de riesgo de pobreza (renta del año anterior a la entrevista),2019,27.7,14
340,Murcia,Tasa de riesgo de pobreza (renta del año anterior a la entrevista),2018,28.6,14
341,Murcia,Tasa de riesgo de pobreza (renta del año anterior a la entrevista),2017,30.1,14
342,Murcia,Tasa de riesgo de pobreza (renta del año anterior a la entrevista),2016,28.9,14
343,Murcia,Tasa de riesgo de pobreza (renta del año anterior a la entrevista),2015,31.8,14
344,Murcia,Tasa de riesgo de pobreza (renta del año anterior a la entrevista),2014,37.2,14
345,Murcia,Tasa de riesgo de pobreza (renta del año anterior a la entrevista),2013,26.8,14
346,Murcia,Tasa de riesgo de pobreza (renta del año anterior a la entrevista),2012,25.2,14
347,Murcia,Tasa de riesgo de pobreza (renta del año anterior a la entrevista),2011,25.8,14
348,Murcia,Tasa de riesgo de pobreza (renta del año anterior a la entrevista),2010,29.8,14
349,Murcia,Tasa de riesgo de pobreza (renta del año anterior a la entrevista),2009,29.1,14
350,Murcia,Tasa de riesgo de pobreza (renta del año anterior a la entrevista),2008,24.5,14
351,Murcia,Tasa de riesgo de pobreza (con alquiler imputado) (renta del año anterior a la entrevista),2020,20.4,14
352,Murcia,Tasa de riesgo de pobreza (con alquiler imputado) (renta del año anterior a la entrevista),2019,25.9,14
353,Murcia,Tasa de riesgo de pobreza (con alquiler imputado) (renta del año anterior a la entrevista),2018,25.0,14
354,Murcia,Tasa de riesgo de pobreza (con alquiler imputado) (renta del año anterior a la entrevista),2017,25.9,14
355,Murcia,Tasa de riesgo de pobreza (con alquiler imputado) (renta del año anterior a la entrevista),2016,26.4,14
356,Murcia,Tasa de riesgo de pobreza (con alquiler imputado) (renta del año anterior a la entrevista),2015,27.9,14
357,Murcia,Tasa de riesgo de pobreza (con alquiler imputado) (renta del año anterior a la entrevista),2014,32.4,14
358,Murcia,Tasa de riesgo de pobreza (con alquiler imputado) (renta del año anterior a la entrevista),2013,24.5,14
359,Murcia,Tasa de riesgo de pobreza (con alquiler imputado) (renta del año anterior a la entrevista),2012,25.3,14
360,Murcia,Tasa de riesgo de pobreza (con alquiler imputado) (renta del año anterior a la entrevista),2011,24.8,14
361,Murcia,Tasa de riesgo de pobreza (con alquiler imputado) (renta del año anterior a la entrevista),2010,27.0,14
362,Murcia,Tasa de riesgo de pobreza (con alquiler imputado) (renta del año anterior a la entrevista),2009,27.7,14
363,Murcia,Tasa de riesgo de pobreza (con alquiler imputado) (renta del año anterior a la entrevista),2008,21.6,14
364,Navarra,Tasa de riesgo de pobreza (renta del año anterior a la entrevista),2020,9.9,15
365,Navarra,Tasa de riesgo de pobreza (renta del año anterior a la entrevista),2019,7.7,15
366,Navarra,Tasa de riesgo de pobreza (renta del año anterior a la entrevista),2018,8.9,15
367,Navarra,Tasa de riesgo de pobreza (renta del año anterior a la entrevista),2017,8.3,15
368,Navarra,Tasa de riesgo de pobreza (renta del año anterior a la entrevista),2016,9.0,15
369,Navarra,Tasa de riesgo de pobreza (renta del año anterior a la entrevista),2015,9.6,15
370,Navarra,Tasa de riesgo de pobreza (renta del año anterior a la entrevista),2014,11.9,15
371,Navarra,Tasa de riesgo de pobreza (renta del año anterior a la entrevista),2013,9.9,15
372,Navarra,Tasa de riesgo de pobreza (renta del año anterior a la entrevista),2012,7.0,15
373,Navarra,Tasa de riesgo de pobreza (renta del año anterior a la entrevista),2011,8.1,15
374,Navarra,Tasa de riesgo de pobreza (renta del año anterior a la entrevista),2010,10.7,15
375,Navarra,Tasa de riesgo de pobreza (renta del año anterior a la entrevista),2009,7.8,15
376,Navarra,Tasa de riesgo de pobreza (renta del año anterior a la entrevista),2008,5.9,15
377,Navarra,Tasa de riesgo de pobreza (con alquiler imputado) (renta del año anterior a la entrevista),2020,9.6,15
378,Navarra,Tasa de riesgo de pobreza (con alquiler imputado) (renta del año anterior a la entrevista),2019,7.8,15
379,Navarra,Tasa de riesgo de pobreza (con alquiler imputado) (renta del año anterior a la entrevista),2018,8.4,15
380,Navarra,Tasa de riesgo de pobreza (con alquiler imputado) (renta del año anterior a la entrevista),2017,8.4,15
381,Navarra,Tasa de riesgo de pobreza (con alquiler imputado) (renta del año anterior a la entrevista),2016,8.7,15
382,Navarra,Tasa de riesgo de pobreza (con alquiler imputado) (renta del año anterior a la entrevista),2015,8.0,15
383,Navarra,Tasa de riesgo de pobreza (con alquiler imputado) (renta del año anterior a la entrevista),2014,11.0,15
384,Navarra,Tasa de riesgo de pobreza (con alquiler imputado) (renta del año anterior a la entrevista),2013,8.9,15
385,Navarra,Tasa de riesgo de pobreza (con alquiler imputado) (renta del año anterior a la entrevista),2012,10.0,15
386,Navarra,Tasa de riesgo de pobreza (con alquiler imputado) (renta del año anterior a la entrevista),2011,6.1,15
387,Navarra,Tasa de riesgo de pobreza (con alquiler imputado) (renta del año anterior a la entrevista),2010,8.2,15
388,Navarra,Tasa de riesgo de pobreza (con alquiler imputado) (renta del año anterior a la entrevista),2009,7.2,15
389,Navarra,Tasa de riesgo de pobreza (con alquiler imputado) (renta del año anterior a la entrevista),2008,6.4,15
390,Pais Vasco,Tasa de riesgo de pobreza (renta del año anterior a la entrevista),2020,10.0,16
391,Pais Vasco,Tasa de riesgo de pobreza (renta del año anterior a la entrevista),2019,10.0,16
392,Pais Vasco,Tasa de riesgo de pobreza (renta del año anterior a la entrevista),2018,8.6,16
393,Pais Vasco,Tasa de riesgo de pobreza (renta del año anterior a la entrevista),2017,9.7,16
394,Pais Vasco,Tasa de riesgo de pobreza (renta del año anterior a la entrevista),2016,9.0,16
395,Pais Vasco,Tasa de riesgo de pobreza (renta del año anterior a la entrevista),2015,10.9,16
396,Pais Vasco,Tasa de riesgo de pobreza (renta del año anterior a la entrevista),2014,10.2,16
397,Pais Vasco,Tasa de riesgo de pobreza (renta del año anterior a la entrevista),2013,10.5,16
398,Pais Vasco,Tasa de riesgo de pobreza (renta del año anterior a la entrevista),2012,13.3,16
399,Pais Vasco,Tasa de riesgo de pobreza (renta del año anterior a la entrevista),2011,13.8,16
400,Pais Vasco,Tasa de riesgo de pobreza (renta del año anterior a la entrevista),2010,11.7,16
401,Pais Vasco,Tasa de riesgo de pobreza (renta del año anterior a la entrevista),2009,10.0,16
402,Pais Vasco,Tasa de riesgo de pobreza (renta del año anterior a la entrevista),2008,9.1,16
403,Pais Vasco,Tasa de riesgo de pobreza (con alquiler imputado) (renta del año anterior a la entrevista),2020,9.0,16
404,Pais Vasco,Tasa de riesgo de pobreza (con alquiler imputado) (renta del año anterior a la entrevista),2019,8.0,16
405,Pais Vasco,Tasa de riesgo de pobreza (con alquiler imputado) (renta del año anterior a la entrevista),2018,7.7,16
406,Pais Vasco,Tasa de riesgo de pobreza (con alquiler imputado) (renta del año anterior a la entrevista),2017,8.6,16
407,Pais Vasco,Tasa de riesgo de pobreza (con alquiler imputado) (renta del año anterior a la entrevista),2016,7.4,16
408,Pais Vasco,Tasa de riesgo de pobreza (con alquiler imputado) (renta del año anterior a la entrevista),2015,9.0,16
409,Pais Vasco,Tasa de riesgo de pobreza (con alquiler imputado) (renta del año anterior a la entrevista),2014,8.3,16
410,Pais Vasco,Tasa de riesgo de pobreza (con alquiler imputado) (renta del año anterior a la entrevista),2013,8.3,16
411,Pais Vasco,Tasa de riesgo de pobreza (con alquiler imputado) (renta del año anterior a la entrevista),2012,10.1,16
412,Pais Vasco,Tasa de riesgo de pobreza (con alquiler imputado) (renta del año anterior a la entrevista),2011,10.4,16
413,Pais Vasco,Tasa de riesgo de pobreza (con alquiler imputado) (renta del año anterior a la entrevista),2010,9.1,16
414,Pais Vasco,Tasa de riesgo de pobreza (con alquiler imputado) (renta del año anterior a la entrevista),2009,6.3,16
415,Pais Vasco,Tasa de riesgo de pobreza (con alquiler imputado) (renta del año anterior a la entrevista),2008,6.0,16
416,La Rioja,Tasa de riesgo de pobreza (renta del año anterior a la entrevista),2020,15.0,17
417,La Rioja,Tasa de riesgo de pobreza (renta del año anterior a la entrevista),2019,12.3,17
418,La Rioja,Tasa de riesgo de pobreza (renta del año anterior a la entrevista),2018,16.6,17
419,La Rioja,Tasa de riesgo de pobreza (renta del año anterior a la entrevista),2017,9.7,17
420,La Rioja,Tasa de riesgo de pobreza (renta del año anterior a la entrevista),2016,11.9,17
421,La Rioja,Tasa de riesgo de pobreza (renta del año anterior a la entrevista),2015,17.1,17
422,La Rioja,Tasa de riesgo de pobreza (renta del año anterior a la entrevista),2014,16.2,17
423,La Rioja,Tasa de riesgo de pobreza (renta del año anterior a la entrevista),2013,19.3,17
424,La Rioja,Tasa de riesgo de pobreza (renta del año anterior a la entrevista),2012,16.8,17
425,La Rioja,Tasa de riesgo de pobreza (renta del año anterior a la entrevista),2011,20.6,17
426,La Rioja,Tasa de riesgo de pobreza (renta del año anterior a la entrevista),2010,21.2,17
427,La Rioja,Tasa de riesgo de pobreza (renta del año anterior a la entrevista),2009,17.2,17
428,La Rioja,Tasa de riesgo de pobreza (renta del año anterior a la entrevista),2008,16.2,17
429,La Rioja,Tasa de riesgo de pobreza (con alquiler imputado) (renta del año anterior a la entrevista),2020,14.2,17
430,La Rioja,Tasa de riesgo de pobreza (con alquiler imputado) (renta del año anterior a la entrevista),2019,12.3,17
431,La Rioja,Tasa de riesgo de pobreza (con alquiler imputado) (renta del año anterior a la entrevista),2018,14.2,17
432,La Rioja,Tasa de riesgo de pobreza (con alquiler imputado) (renta del año anterior a la entrevista),2017,11.2,17
433,La Rioja,Tasa de riesgo de pobreza (con alquiler imputado) (renta del año anterior a la entrevista),2016,14.2,17
434,La Rioja,Tasa de riesgo de pobreza (con alquiler imputado) (renta del año anterior a la entrevista),2015,15.3,17
435,La Rioja,Tasa de riesgo de pobreza (con alquiler imputado) (renta del año anterior a la entrevista),2014,17.8,17
436,La Rioja,Tasa de riesgo de pobreza (con alquiler imputado) (renta del año anterior a la entrevista),2013,17.2,17
437,La Rioja,Tasa de riesgo de pobreza (con alquiler imputado) (renta del año anterior a la entrevista),2012,16.6,17
438,La Rioja,Tasa de riesgo de pobreza (con alquiler imputado) (renta del año anterior a la entrevista),2011,16.6,17
439,La Rioja,Tasa de riesgo de pobreza (con alquiler imputado) (renta del año anterior a la entrevista),2010,18.7,17
440,La Rioja,Tasa de riesgo de pobreza (con alquiler imputado) (renta del año anterior a la entrevista),2009,18.5,17
441,La Rioja,Tasa de riesgo de pobreza (con alquiler imputado) (renta del año anterior a la entrevista),2008,14.2,17
442,Ceuta,Tasa de riesgo de pobreza (renta del año anterior a la entrevista),2020,35.3,18
443,Ceuta,Tasa de riesgo de pobreza (renta del año anterior a la entrevista),2019,40.6,18
444,Ceuta,Tasa de riesgo de pobreza (renta del año anterior a la entrevista),2018,38.3,18
445,Ceuta,Tasa de riesgo de pobreza (renta del año anterior a la entrevista),2017,32.5,18
446,Ceuta,Tasa de riesgo de pobreza (renta del año anterior a la entrevista),2016,36.0,18
447,Ceuta,Tasa de riesgo de pobreza (renta del año anterior a la entrevista),2015,31.0,18
448,Ceuta,Tasa de riesgo de pobreza (renta del año anterior a la entrevista),2014,44.3,18
449,Ceuta,Tasa de riesgo de pobreza (renta del año anterior a la entrevista),2013,40.8,18
450,Ceuta,Tasa de riesgo de pobreza (renta del año anterior a la entrevista),2012,32.2,18
451,Ceuta,Tasa de riesgo de pobreza (renta del año anterior a la entrevista),2011,26.3,18
452,Ceuta,Tasa de riesgo de pobreza (renta del año anterior a la entrevista),2010,31.3,18
453,Ceuta,Tasa de riesgo de pobreza (renta del año anterior a la entrevista),2009,36.4,18
454,Ceuta,Tasa de riesgo de pobreza (renta del año anterior a la entrevista),2008,40.1,18
455,Ceuta,Tasa de riesgo de pobreza (con alquiler imputado) (renta del año anterior a la entrevista),2020,35.6,18
456,Ceuta,Tasa de riesgo de pobreza (con alquiler imputado) (renta del año anterior a la entrevista),2019,36.1,18
457,Ceuta,Tasa de riesgo de pobreza (con alquiler imputado) (renta del año anterior a la entrevista),2018,39.7,18
458,Ceuta,Tasa de riesgo de pobreza (con alquiler imputado) (renta del año anterior a la entrevista),2017,31.1,18
459,Ceuta,Tasa de riesgo de pobreza (con alquiler imputado) (renta del año anterior a la entrevista),2016,28.0,18
460,Ceuta,Tasa de riesgo de pobreza (con alquiler imputado) (renta del año anterior a la entrevista),2015,25.2,18
461,Ceuta,Tasa de riesgo de pobreza (con alquiler imputado) (renta del año anterior a la entrevista),2014,40.2,18
462,Ceuta,Tasa de riesgo de pobreza (con alquiler imputado) (renta del año anterior a la entrevista),2013,35.9,18
463,Ceuta,Tasa de riesgo de pobreza (con alquiler imputado) (renta del año anterior a la entrevista),2012,27.6,18
464,Ceuta,Tasa de riesgo de pobreza (con alquiler imputado) (renta del año anterior a la entrevista),2011,23.3,18
465,Ceuta,Tasa de riesgo de pobreza (con alquiler imputado) (renta del año anterior a la entrevista),2010,25.7,18
466,Ceuta,Tasa de riesgo de pobreza (con alquiler imputado) (renta del año anterior a la entrevista),2009,30.1,18
467,Ceuta,Tasa de riesgo de pobreza (con alquiler imputado) (renta del año anterior a la entrevista),2008,37.3,18
468,Melilla,Tasa de riesgo de pobreza (renta del año anterior a la entrevista),2020,36.3,19
469,Melilla,Tasa de riesgo de pobreza (renta del año anterior a la entrevista),2019,35.7,19
470,Melilla,Tasa de riesgo de pobreza (renta del año anterior a la entrevista),2018,21.4,19
471,Melilla,Tasa de riesgo de pobreza (renta del año anterior a la entrevista),2017,26.2,19
472,Melilla,Tasa de riesgo de pobreza (renta del año anterior a la entrevista),2016,21.8,19
473,Melilla,Tasa de riesgo de pobreza (renta del año anterior a la entrevista),2015,25.8,19
474,Melilla,Tasa de riesgo de pobreza (renta del año anterior a la entrevista),2014,19.2,19
475,Melilla,Tasa de riesgo de pobreza (renta del año anterior a la entrevista),2013,21.7,19
476,Melilla,Tasa de riesgo de pobreza (renta del año anterior a la entrevista),2012,8.6,19
477,Melilla,Tasa de riesgo de pobreza (renta del año anterior a la entrevista),2011,26.5,19
478,Melilla,Tasa de riesgo de pobreza (renta del año anterior a la entrevista),2010,25.8,19
479,Melilla,Tasa de riesgo de pobreza (renta del año anterior a la entrevista),2009,30.0,19
480,Melilla,Tasa de riesgo de pobreza (renta del año anterior a la entrevista),2008,17.7,19
481,Melilla,Tasa de riesgo de pobreza (con alquiler imputado) (renta del año anterior a la entrevista),2020,33.9,19
482,Melilla,Tasa de riesgo de pobreza (con alquiler imputado) (renta del año anterior a la entrevista),2019,29.7,19
483,Melilla,Tasa de riesgo de pobreza (con alquiler imputado) (renta del año anterior a la entrevista),2018,19.3,19
484,Melilla,Tasa de riesgo de pobreza (con alquiler imputado) (renta del año anterior a la entrevista),2017,27.0,19
485,Melilla,Tasa de riesgo de pobreza (con alquiler imputado) (renta del año anterior a la entrevista),2016,21.1,19
486,Melilla,Tasa de riesgo de pobreza (con alquiler imputado) (renta del año anterior a la entrevista),2015,28.1,19
487,Melilla,Tasa de riesgo de pobreza (con alquiler imputado) (renta del año anterior a la entrevista),2014,20.1,19
488,Melilla,Tasa de riesgo de pobreza (con alquiler imputado) (renta del año anterior a la entrevista),2013,20.7,19
489,Melilla,Tasa de riesgo de pobreza (con alquiler imputado) (renta del año anterior a la entrevista),2012,11.0,19
490,Melilla,Tasa de riesgo de pobreza (con alquiler imputado) (renta del año anterior a la entrevista),2011,21.9,19
491,Melilla,Tasa de riesgo de pobreza (con alquiler imputado) (renta del año anterior a la entrevista),2010,22.3,19
492,Melilla,Tasa de riesgo de pobreza (con alquiler imputado) (renta del año anterior a la entrevista),2009,25.5,19
493,Melilla,Tasa de riesgo de pobreza (con alquiler imputado) (renta del año anterior a la entrevista),2008,18.3,19
